year,danceability,energy,acousticness,speechiness
2020,0.7111864623243934,0.6372311621966794,0.22947128352490423,0.13873358876117498
2021,0.6729217171717171,0.6428611111111111,0.25021661717171717,0.11993535353535353
